<?xml version="1.0" encoding="UTF-8"?>
<beans xmlns="http://www.springframework.org/schema/beans"
	xmlns:xsi="http://www.w3.org/2001/XMLSchema-instance"
	xmlns:aop="http://www.springframework.org/schema/aop"
	xsi:schemaLocation="http://www.springframework.org/schema/aop http://www.springframework.org/schema/aop/spring-aop.xsd
		http://www.springframework.org/schema/beans http://www.springframework.org/schema/beans/spring-beans.xsd
		http://www.springframework.org/schema/context http://www.springframework.org/schema/context/spring-context.xsd"
	xmlns:context="http://www.springframework.org/schema/context">
	
	<bean id="c1" class="com.demo.beans.Course" autowire="byName">
	     <property name="cid" value="100"></property>
	     <property name="cname" value="java"></property>
	     <!-- <property name="f1" ref="f11"></property> -->
	</bean>
	<bean id="f11" class="com.demo.beans.Faculty">
	     <property name="fid" value="150"></property>
	     <property name="fname" value="Deven"></property>
	    
	</bean>
	<bean id="f1" class="com.demo.beans.Faculty">
	     <property name="fid" value="151"></property>
	     <property name="fname" value="Savita"></property>
	    
	</bean>
</beans>