<?xml version="1.0" encoding="UTF-8"?>
<!DOCTYPE hibernate-configuration PUBLIC 
  "-//Hibernate/Hibernate Configuration DTD//EN" 
  "https://hibernate.sourceforge.net/hibernate-configuration-3.0.dtd">
<!-- Version 8 MySQL hiberante-cfg.xml example for Hibernate 5 -->
<hibernate-configuration>
  <session-factory>
    <property name="connection.driver_class">com.mysql.cj.jdbc.Driver</property>
    <property name="connection.url">jdbc:mysql://192.168.10.150:3306/dac39?useSSL=false</property>
    <property name="connection.username">dac39</property>
    <property name="connection.password">welcome</property>
    <property name="dialect">org.hibernate.dialect.MySQL8Dialect</property>
    <property name="connection.pool_size">1</property>
    <property name="show_sql">true</property>
    <property name="format_sql">true</property>
    <property name="hbm2ddl.auto">update</property>
    <!-- mapping class" / -->
   <!--  <mapping class="com.demo.beans.Department"/>-->
    <mapping class="com.demo.beans.Product"/> 
    <mapping class="com.demo.beans.MyUser"/>  
    <!-- <mapping resource="product.hbm.xml"/> 
    <mapping resource="MyUser.hbm.xml"/>   -->
  </session-factory>
</hibernate-configuration>